{"BGMVol":0.05807603895664215,"SFXVol":0.18521514534950257,"dust":100000,"fireSkillLevel":0,"poisonSkillLevel":0,"stoneSkillLevel":0,"waterSkillLevel":0,"windSkillLevel":0,"charaterStats":[0,0,0,0,0]}