{"BGMVol":0.009999999776482582,"SFXVol":0.009999999776482582,"dust":100000,"fireSkillLevel":0,"poisonSkillLevel":0,"stoneSkillLevel":0,"waterSkillLevel":0,"windSkillLevel":0,"charaterStats":[0,0,0,0,0]}