{"BGMVol":0.06423614174127579,"SFXVol":0.07367926836013794,"dust":899830700,"fireSkillLevel":5,"poisonSkillLevel":2,"stoneSkillLevel":2,"waterSkillLevel":2,"windSkillLevel":2}