{"BGMVol":0.43809622526168826,"SFXVol":0.42765700817108157}