{"BGMVol":0.05877155810594559,"SFXVol":0.13730069994926454,"dust":36000,"fireSkillLevel":5,"poisonSkillLevel":5,"stoneSkillLevel":5,"waterSkillLevel":5,"windSkillLevel":5}