{"cameraMode":{"drawMode":0,"name":"Shaded","section":"Shading Mode"},"sceneLighting":false,"audioPlay":false,"sceneViewState":{"showFog":true,"showMaterialUpdate":true,"showSkybox":true,"showFlares":true,"showImageEffects":true,"showParticleSystems":true},"in2DMode":false,"pivot":{"x":3.237199306488037,"y":-6.255706787109375,"z":1.7167558670043946},"rotation":{"x":-0.35982662439346316,"y":-0.4529707431793213,"z":0.20653033256530763,"w":-0.7891275882720947},"size":6.586394786834717,"orthographic":false}