{"cameraMode":{"drawMode":0,"name":"Shaded","section":"Shading Mode"},"sceneLighting":false,"audioPlay":false,"sceneViewState":{"showFog":true,"showMaterialUpdate":true,"showSkybox":true,"showFlares":true,"showImageEffects":true,"showParticleSystems":true},"in2DMode":false,"pivot":{"x":16.894317626953126,"y":-5.722949028015137,"z":5.795110702514648},"rotation":{"x":-0.35950565338134768,"y":-0.01874799095094204,"z":0.007210931740701199,"w":-0.9329442381858826},"size":9.519645690917969,"orthographic":false}