{"cameraMode":{"drawMode":0,"name":"Shaded","section":"Shading Mode"},"sceneLighting":false,"audioPlay":false,"sceneViewState":{"showFog":true,"showMaterialUpdate":true,"showSkybox":true,"showFlares":true,"showImageEffects":true,"showParticleSystems":true},"in2DMode":false,"pivot":{"x":-5.9616379737854,"y":-9.359874725341797,"z":12.56269645690918},"rotation":{"x":-0.3698178231716156,"y":0.20350001752376557,"z":-0.08340036123991013,"w":-0.9027579426765442},"size":9.35245418548584,"orthographic":false}