{"cameraMode":{"drawMode":0,"name":"Shaded","section":"Shading Mode"},"sceneLighting":false,"audioPlay":false,"sceneViewState":{"showFog":true,"showMaterialUpdate":true,"showSkybox":true,"showFlares":true,"showImageEffects":true,"showParticleSystems":true},"in2DMode":false,"pivot":{"x":-1.53082275390625,"y":0.366943359375,"z":3.00531005859375},"rotation":{"x":0.17097656428813935,"y":0.8285591006278992,"z":-0.3919923007488251,"w":0.3613942265510559},"size":1.3322268724441529,"orthographic":true}