{"cameraMode":{"drawMode":0,"name":"Shaded","section":"Shading Mode"},"sceneLighting":false,"audioPlay":false,"sceneViewState":{"showFog":false,"showMaterialUpdate":false,"showSkybox":false,"showFlares":false,"showImageEffects":false,"showParticleSystems":false},"in2DMode":false,"pivot":{"x":-0.5217797756195068,"y":-3.993220806121826,"z":2.073881149291992},"rotation":{"x":-0.5847933888435364,"y":-0.08669284731149674,"z":0.06305117160081864,"w":-0.8040688037872315},"size":5.76133918762207,"orthographic":false}