{"cameraMode":{"drawMode":0,"name":"Shaded","section":"Shading Mode"},"sceneLighting":false,"audioPlay":false,"sceneViewState":{"showFog":true,"showMaterialUpdate":true,"showSkybox":false,"showFlares":true,"showImageEffects":true,"showParticleSystems":true},"in2DMode":false,"pivot":{"x":-0.06838712096214295,"y":-1.6454267501831055,"z":5.165696144104004},"rotation":{"x":-0.03349890932440758,"y":0.3849388659000397,"z":-0.013988210819661618,"w":-0.9222403764724731},"size":0.20908282697200776,"orthographic":false}