{"cameraMode":{"drawMode":0,"name":"Shaded","section":"Shading Mode"},"sceneLighting":false,"audioPlay":false,"sceneViewState":{"showFog":true,"showMaterialUpdate":true,"showSkybox":true,"showFlares":true,"showImageEffects":true,"showParticleSystems":true},"in2DMode":false,"pivot":{"x":18.773080825805665,"y":2.8494622707366945,"z":2.900912284851074},"rotation":{"x":-0.07811572402715683,"y":-0.8905369639396668,"z":0.4157814681529999,"w":-0.1673068404197693},"size":0.32223087549209597,"orthographic":false}