{"cameraMode":{"drawMode":0,"name":"Shaded","section":"Shading Mode"},"sceneLighting":false,"audioPlay":false,"sceneViewState":{"showFog":true,"showMaterialUpdate":true,"showSkybox":true,"showFlares":true,"showImageEffects":true,"showParticleSystems":true},"in2DMode":false,"pivot":{"x":1.118483066558838,"y":0.914628267288208,"z":0.6050366163253784},"rotation":{"x":-0.3923683166503906,"y":0.37947043776512148,"z":-0.18205608427524568,"w":-0.8178827166557312},"size":1.9814155101776124,"orthographic":false}