{"cameraMode":{"drawMode":0,"name":"Shaded","section":"Shading Mode"},"sceneLighting":false,"audioPlay":false,"sceneViewState":{"showFog":false,"showMaterialUpdate":false,"showSkybox":false,"showFlares":false,"showImageEffects":false,"showParticleSystems":false},"in2DMode":false,"pivot":{"x":6.966401100158691,"y":-3.205930709838867,"z":5.617331027984619},"rotation":{"x":-0.2521998882293701,"y":-0.45830562710762026,"z":0.13741692900657655,"w":-0.8411139845848084},"size":9.398526191711426,"orthographic":false}