{"cameraMode":{"drawMode":2,"name":"Shaded Wireframe","section":"Shading Mode"},"sceneLighting":false,"audioPlay":false,"sceneViewState":{"showFog":false,"showMaterialUpdate":false,"showSkybox":false,"showFlares":false,"showImageEffects":false,"showParticleSystems":false},"in2DMode":false,"pivot":{"x":5.987386703491211,"y":-19.60988998413086,"z":14.952404022216797},"rotation":{"x":-0.5201732516288757,"y":-0.2554587125778198,"z":0.166569784283638,"w":-0.7977600693702698},"size":74.35092163085938,"orthographic":false}