{"cameraMode":{"drawMode":0,"name":"Shaded","section":"Shading Mode"},"sceneLighting":false,"audioPlay":false,"sceneViewState":{"showFog":true,"showMaterialUpdate":true,"showSkybox":true,"showFlares":true,"showImageEffects":true,"showParticleSystems":true},"in2DMode":false,"pivot":{"x":1.264067530632019,"y":-0.6566596031188965,"z":2.6860604286193849},"rotation":{"x":0.5304169058799744,"y":0.19987380504608155,"z":-0.1303195059299469,"w":0.8134725093841553},"size":3.7814152240753176,"orthographic":false}