{"cameraMode":{"drawMode":0,"name":"Shaded","section":"Shading Mode"},"sceneLighting":false,"audioPlay":false,"sceneViewState":{"showFog":true,"showMaterialUpdate":true,"showSkybox":false,"showFlares":true,"showImageEffects":true,"showParticleSystems":true},"in2DMode":false,"pivot":{"x":-5.329999923706055,"y":0.838104248046875,"z":0.14304807782173158},"rotation":{"x":-0.5271508693695068,"y":-0.013251937925815583,"z":0.008207229897379876,"w":-0.8496479392051697},"size":3.599022626876831,"orthographic":false}