{"cameraMode":{"drawMode":0,"name":"Shaded","section":"Shading Mode"},"sceneLighting":false,"audioPlay":false,"sceneViewState":{"showFog":true,"showMaterialUpdate":true,"showSkybox":true,"showFlares":true,"showImageEffects":true,"showParticleSystems":true},"in2DMode":false,"pivot":{"x":-0.1229248046875,"y":2.18994140625,"z":0.8526611328125},"rotation":{"x":0.4922517240047455,"y":0.4328887164592743,"z":-0.30930331349372866,"w":0.6889355182647705},"size":2.6394271850585939,"orthographic":true}