{"cameraMode":{"drawMode":0,"name":"Shaded","section":"Shading Mode"},"sceneLighting":false,"audioPlay":false,"sceneViewState":{"showFog":true,"showMaterialUpdate":true,"showSkybox":true,"showFlares":true,"showImageEffects":true,"showParticleSystems":true},"in2DMode":false,"pivot":{"x":-11.79820442199707,"y":-5.014142036437988,"z":-12.971715927124024},"rotation":{"x":-0.0660075694322586,"y":0.9048494696617127,"z":-0.1523555964231491,"w":-0.39207708835601809},"size":10.694361686706543,"orthographic":false}