{"cameraMode":{"drawMode":0,"name":"Shaded","section":"Shading Mode"},"sceneLighting":false,"audioPlay":false,"sceneViewState":{"showFog":false,"showMaterialUpdate":false,"showSkybox":false,"showFlares":false,"showImageEffects":false,"showParticleSystems":false},"in2DMode":false,"pivot":{"x":0.4891929626464844,"y":-0.7788581848144531,"z":4.4265336990356449},"rotation":{"x":-0.4678153693675995,"y":0.2435270994901657,"z":-0.13583870232105256,"w":-0.8386839032173157},"size":3.599931001663208,"orthographic":false}