{"cameraMode":{"drawMode":0,"name":"Shaded","section":"Shading Mode"},"sceneLighting":false,"audioPlay":false,"sceneViewState":{"showFog":true,"showMaterialUpdate":true,"showSkybox":true,"showFlares":true,"showImageEffects":true,"showParticleSystems":true},"in2DMode":false,"pivot":{"x":0.37743520736694338,"y":2.0002598762512209,"z":-0.8261423110961914},"rotation":{"x":-0.45325765013694765,"y":0.05290263146162033,"z":-0.026963574811816217,"w":-0.8894128203392029},"size":1.9814155101776124,"orthographic":false}