{"cameraMode":{"drawMode":0,"name":"Shaded","section":"Shading Mode"},"sceneLighting":false,"audioPlay":false,"sceneViewState":{"showFog":true,"showMaterialUpdate":true,"showSkybox":true,"showFlares":true,"showImageEffects":true,"showParticleSystems":true},"in2DMode":false,"pivot":{"x":18.92585563659668,"y":0.5015466213226318,"z":-0.9143887758255005},"rotation":{"x":-0.5500637292861939,"y":-0.14529812335968018,"z":0.09786313027143479,"w":-0.8165594935417175},"size":1.445234775543213,"orthographic":false}