{"cameraMode":{"drawMode":2,"name":"Shaded Wireframe","section":"Shading Mode"},"sceneLighting":false,"audioPlay":false,"sceneViewState":{"showFog":false,"showMaterialUpdate":false,"showSkybox":false,"showFlares":false,"showImageEffects":false,"showParticleSystems":false},"in2DMode":false,"pivot":{"x":-0.09630930423736572,"y":0.5743608474731445,"z":4.0914130210876469},"rotation":{"x":-0.5287836790084839,"y":0.3338278532028198,"z":-0.2374718338251114,"w":-0.7433412075042725},"size":4.099837779998779,"orthographic":false}