{"cameraMode":{"drawMode":0,"name":"Shaded","section":"Shading Mode"},"sceneLighting":false,"audioPlay":false,"sceneViewState":{"showFog":false,"showMaterialUpdate":false,"showSkybox":false,"showFlares":false,"showImageEffects":false,"showParticleSystems":false},"in2DMode":false,"pivot":{"x":0.12752428650856019,"y":0.9354374408721924,"z":0.9827804565429688},"rotation":{"x":-0.15863290429115296,"y":-0.006814996711909771,"z":0.0010945535032078624,"w":-0.9873157739639282},"size":2.881415367126465,"orthographic":false}