{"cameraMode":{"drawMode":0,"name":"Shaded","section":"Shading Mode"},"sceneLighting":false,"audioPlay":false,"sceneViewState":{"showFog":true,"showMaterialUpdate":true,"showSkybox":true,"showFlares":true,"showImageEffects":true,"showParticleSystems":true},"in2DMode":false,"pivot":{"x":-16.276485443115236,"y":-1.3902385234832764,"z":8.148805618286133},"rotation":{"x":-0.07528920471668244,"y":0.4463163912296295,"z":-0.0377219133079052,"w":-0.8909286856651306},"size":7.8585205078125,"orthographic":false}