{"cameraMode":{"drawMode":2,"name":"Shaded Wireframe","section":"Shading Mode"},"sceneLighting":false,"audioPlay":false,"sceneViewState":{"showFog":false,"showMaterialUpdate":false,"showSkybox":false,"showFlares":false,"showImageEffects":false,"showParticleSystems":false},"in2DMode":false,"pivot":{"x":6.757292747497559,"y":16.595293045043947,"z":12.200859069824219},"rotation":{"x":-0.03920029476284981,"y":0.07098323851823807,"z":-0.0027912321966141464,"w":-0.9967055320739746},"size":38.67533874511719,"orthographic":false}