{"cameraMode":{"drawMode":2,"name":"Shaded Wireframe","section":"Shading Mode"},"sceneLighting":false,"audioPlay":false,"sceneViewState":{"showFog":false,"showMaterialUpdate":false,"showSkybox":false,"showFlares":false,"showImageEffects":false,"showParticleSystems":false},"in2DMode":false,"pivot":{"x":1.20292067527771,"y":0.10087108612060547,"z":3.0868630409240724},"rotation":{"x":-0.5679249167442322,"y":0.2669522166252136,"z":-0.20159763097763062,"w":-0.7520363330841065},"size":3.1998379230499269,"orthographic":false}