{"cameraMode":{"drawMode":2,"name":"Shaded Wireframe","section":"Shading Mode"},"sceneLighting":false,"audioPlay":false,"sceneViewState":{"showFog":false,"showMaterialUpdate":false,"showSkybox":false,"showFlares":false,"showImageEffects":false,"showParticleSystems":false},"in2DMode":false,"pivot":{"x":-1.9730552434921265,"y":1.3659560680389405,"z":-0.11003625392913819},"rotation":{"x":-0.413221150636673,"y":0.3925105631351471,"z":-0.20375148952007295,"w":-0.7960352897644043},"size":1.1452348232269288,"orthographic":false}