{"cameraMode":{"drawMode":2,"name":"Shaded Wireframe","section":"Shading Mode"},"sceneLighting":false,"audioPlay":false,"sceneViewState":{"showFog":false,"showMaterialUpdate":false,"showSkybox":false,"showFlares":false,"showImageEffects":false,"showParticleSystems":false},"in2DMode":false,"pivot":{"x":-6.2963032722473148,"y":0.2617608308792114,"z":6.084340572357178},"rotation":{"x":-0.5679249167442322,"y":0.2669522166252136,"z":-0.20159763097763062,"w":-0.7520363330841065},"size":0.4814155697822571,"orthographic":false}