{"cameraMode":{"drawMode":0,"name":"Shaded","section":"Shading Mode"},"sceneLighting":true,"audioPlay":false,"sceneViewState":{"showFog":true,"showMaterialUpdate":false,"showSkybox":true,"showFlares":true,"showImageEffects":true,"showParticleSystems":true},"in2DMode":false,"pivot":{"x":1.0829143524169922,"y":1.1725845336914063,"z":-0.5485470294952393},"rotation":{"x":0.0337323397397995,"y":0.9563437104225159,"z":-0.2631321847438812,"w":0.12259888648986817},"size":1.4481449127197266,"orthographic":true}