{"cameraMode":{"drawMode":0,"name":"Shaded","section":"Shading Mode"},"sceneLighting":true,"audioPlay":false,"sceneViewState":{"showFog":true,"showMaterialUpdate":false,"showSkybox":true,"showFlares":true,"showImageEffects":true,"showParticleSystems":true},"in2DMode":false,"pivot":{"x":11.474838256835938,"y":3.75732421875,"z":2.4033203125},"rotation":{"x":0.5615938305854797,"y":-0.41631361842155459,"z":0.39017584919929507,"w":0.5992149710655212},"size":3.8139090538024904,"orthographic":true}