{"cameraMode":{"drawMode":0,"name":"Shaded","section":"Shading Mode"},"sceneLighting":true,"audioPlay":false,"sceneViewState":{"showFog":true,"showMaterialUpdate":false,"showSkybox":true,"showFlares":true,"showImageEffects":true,"showParticleSystems":true},"in2DMode":false,"pivot":{"x":0.25999999046325686,"y":0.514000415802002,"z":0.0},"rotation":{"x":0.1091855838894844,"y":-0.04173726961016655,"z":0.004588043782860041,"w":0.9931382536888123},"size":0.7071067690849304,"orthographic":true}