{"cameraMode":{"drawMode":0,"name":"Shaded","section":"Shading Mode"},"sceneLighting":true,"audioPlay":false,"sceneViewState":{"showFog":true,"showMaterialUpdate":false,"showSkybox":true,"showFlares":true,"showImageEffects":true,"showParticleSystems":true},"in2DMode":false,"pivot":{"x":-22.079349517822267,"y":1.3858520984649659,"z":3.744500160217285},"rotation":{"x":0.34443801641464236,"y":-0.03519375994801521,"z":0.012922483496367932,"w":0.9380600452423096},"size":5.822854042053223,"orthographic":true}