{"cameraMode":{"drawMode":0,"name":"Shaded","section":"Shading Mode"},"sceneLighting":true,"audioPlay":false,"sceneViewState":{"showFog":true,"showMaterialUpdate":false,"showSkybox":true,"showFlares":true,"showImageEffects":true,"showParticleSystems":true},"in2DMode":false,"pivot":{"x":-20.5,"y":0.5187122821807861,"z":0.004337191581726074},"rotation":{"x":-0.10290428251028061,"y":0.17363876104354859,"z":-0.01825081929564476,"w":-0.9792712926864624},"size":5.550211429595947,"orthographic":true}