{"cameraMode":{"drawMode":0,"name":"Shaded","section":"Shading Mode"},"sceneLighting":true,"audioPlay":false,"sceneViewState":{"showFog":true,"showMaterialUpdate":false,"showSkybox":true,"showFlares":true,"showImageEffects":true,"showParticleSystems":true},"in2DMode":false,"pivot":{"x":-1.8917559385299683,"y":-1.7817130088806153,"z":5.1751909255981449},"rotation":{"x":0.33528003096580508,"y":-0.022336401045322419,"z":0.007956829853355885,"w":0.9418254494667053},"size":5.902037620544434,"orthographic":false}