{"cameraMode":{"drawMode":0,"name":"Shaded","section":"Shading Mode"},"sceneLighting":true,"audioPlay":false,"sceneViewState":{"showFog":true,"showMaterialUpdate":false,"showSkybox":true,"showFlares":true,"showImageEffects":true,"showParticleSystems":true},"in2DMode":false,"pivot":{"x":-88.31509399414063,"y":-18.106712341308595,"z":23.290884017944337},"rotation":{"x":0.19313964247703553,"y":-0.19342190027236939,"z":0.03886954486370087,"w":0.9611321687698364},"size":34.32780456542969,"orthographic":false}