{"cameraMode":{"drawMode":0,"name":"Shaded","section":"Shading Mode"},"sceneLighting":true,"audioPlay":false,"sceneViewState":{"showFog":true,"showMaterialUpdate":false,"showSkybox":true,"showFlares":true,"showImageEffects":true,"showParticleSystems":true},"in2DMode":false,"pivot":{"x":-1.030455470085144,"y":-0.29101550579071047,"z":-1.423754334449768},"rotation":{"x":0.12085554003715515,"y":0.1409560889005661,"z":-0.017339661717414857,"w":0.9824618101119995},"size":5.271918773651123,"orthographic":true}