{"cameraMode":{"drawMode":0,"name":"Shaded","section":"Shading Mode"},"sceneLighting":true,"audioPlay":false,"sceneViewState":{"showFog":true,"showMaterialUpdate":false,"showSkybox":true,"showFlares":true,"showImageEffects":true,"showParticleSystems":true},"in2DMode":false,"pivot":{"x":-0.5207531452178955,"y":-2.161957025527954,"z":1.6122782230377198},"rotation":{"x":0.3295440971851349,"y":0.5000035762786865,"z":-0.21346479654312135,"w":0.7719014883041382},"size":3.8139090538024904,"orthographic":true}