{"cameraMode":{"drawMode":0,"name":"Shaded","section":"Shading Mode"},"sceneLighting":true,"audioPlay":false,"sceneViewState":{"showFog":true,"showMaterialUpdate":false,"showSkybox":true,"showFlares":true,"showImageEffects":true,"showParticleSystems":true},"in2DMode":false,"pivot":{"x":-2.47550892829895,"y":0.7961729764938355,"z":-2.6500244140625},"rotation":{"x":0.09041428565979004,"y":-0.7872703075408936,"z":0.11898428946733475,"w":0.5982325077056885},"size":0.8070821762084961,"orthographic":true}