{"cameraMode":{"drawMode":0,"name":"Shaded","section":"Shading Mode"},"sceneLighting":true,"audioPlay":false,"sceneViewState":{"showFog":true,"showMaterialUpdate":false,"showSkybox":true,"showFlares":true,"showImageEffects":true,"showParticleSystems":true},"in2DMode":false,"pivot":{"x":-5.818048000335693,"y":0.5146484375,"z":-1.8650977611541749},"rotation":{"x":0.4999188482761383,"y":-0.0007785876514390111,"z":0.0004480335337575525,"w":0.8660815358161926},"size":7.062103748321533,"orthographic":true}