{"cameraMode":{"drawMode":0,"name":"Shaded","section":"Shading Mode"},"sceneLighting":true,"audioPlay":false,"sceneViewState":{"showFog":true,"showMaterialUpdate":false,"showSkybox":true,"showFlares":true,"showImageEffects":true,"showParticleSystems":true},"in2DMode":false,"pivot":{"x":2.16162109375,"y":2.81201171875,"z":0.2373046875},"rotation":{"x":0.4152522087097168,"y":0.12891782820224763,"z":-0.05957721918821335,"w":0.8985548615455627},"size":5.107395172119141,"orthographic":true}