{"cameraMode":{"drawMode":0,"name":"Shaded","section":"Shading Mode"},"sceneLighting":true,"audioPlay":false,"sceneViewState":{"showFog":true,"showMaterialUpdate":false,"showSkybox":true,"showFlares":true,"showImageEffects":true,"showParticleSystems":true},"in2DMode":false,"pivot":{"x":-0.04714781045913696,"y":-0.41194581985473635,"z":13.610320091247559},"rotation":{"x":0.15090632438659669,"y":-0.014543806202709675,"z":0.002223363844677806,"w":0.9884452819824219},"size":11.368663787841797,"orthographic":false}