{"cameraMode":{"drawMode":0,"name":"Shaded","section":"Shading Mode"},"sceneLighting":true,"audioPlay":false,"sceneViewState":{"showFog":true,"showMaterialUpdate":false,"showSkybox":true,"showFlares":true,"showImageEffects":true,"showParticleSystems":true},"in2DMode":false,"pivot":{"x":-0.3590221405029297,"y":-0.8771021366119385,"z":0.341306209564209},"rotation":{"x":0.3923889398574829,"y":0.03310110419988632,"z":-0.014131362549960614,"w":0.9191048741340637},"size":4.5622735023498539,"orthographic":false}