{"cameraMode":{"drawMode":0,"name":"Shaded","section":"Shading Mode"},"sceneLighting":true,"audioPlay":false,"sceneViewState":{"showFog":true,"showMaterialUpdate":false,"showSkybox":true,"showFlares":true,"showImageEffects":true,"showParticleSystems":true},"in2DMode":false,"pivot":{"x":-20.665943145751954,"y":1.1756845712661744,"z":0.5596470832824707},"rotation":{"x":-0.282310426235199,"y":-0.005769415758550167,"z":0.0016809803200885654,"w":-0.9593302607536316},"size":1.6373047828674317,"orthographic":false}