{"cameraMode":{"drawMode":0,"name":"Shaded","section":"Shading Mode"},"sceneLighting":false,"audioPlay":false,"sceneViewState":{"showFog":true,"showMaterialUpdate":false,"showSkybox":false,"showFlares":true,"showImageEffects":true,"showParticleSystems":true},"in2DMode":false,"pivot":{"x":-1.3179506063461304,"y":0.0800873339176178,"z":-1.1239709854125977},"rotation":{"x":0.4999188482761383,"y":-0.0007785876514390111,"z":0.0004480335337575525,"w":0.8660815358161926},"size":0.33735281229019167,"orthographic":true}