{"cameraMode":{"drawMode":0,"name":"Shaded","section":"Shading Mode"},"sceneLighting":true,"audioPlay":false,"sceneViewState":{"showFog":true,"showMaterialUpdate":false,"showSkybox":true,"showFlares":true,"showImageEffects":true,"showParticleSystems":true},"in2DMode":false,"pivot":{"x":18.644390106201173,"y":1.0115447044372559,"z":-1.5015857219696046},"rotation":{"x":0.1696690022945404,"y":0.0755939930677414,"z":-0.013049826957285405,"w":0.9825189709663391},"size":0.5242781043052673,"orthographic":true}