{"cameraMode":{"drawMode":0,"name":"Shaded","section":"Shading Mode"},"sceneLighting":true,"audioPlay":false,"sceneViewState":{"showFog":true,"showMaterialUpdate":false,"showSkybox":true,"showFlares":true,"showImageEffects":true,"showParticleSystems":true},"in2DMode":false,"pivot":{"x":14.244812965393067,"y":0.8347413539886475,"z":-2.471287727355957},"rotation":{"x":0.3188696503639221,"y":-0.37733960151672366,"z":0.14023005962371827,"w":0.8580761551856995},"size":1.862273097038269,"orthographic":true}