{"cameraMode":{"drawMode":0,"name":"Shaded","section":"Shading Mode"},"sceneLighting":true,"audioPlay":false,"sceneViewState":{"showFog":true,"showMaterialUpdate":false,"showSkybox":true,"showFlares":true,"showImageEffects":true,"showParticleSystems":true},"in2DMode":false,"pivot":{"x":1480.760498046875,"y":396.0575866699219,"z":-105.8499984741211},"rotation":{"x":-0.004180672112852335,"y":-0.09436991065740586,"z":0.0003932267427444458,"w":-0.9955500364303589},"size":904.9149780273438,"orthographic":true}