{"cameraMode":{"drawMode":0,"name":"Shaded","section":"Shading Mode"},"sceneLighting":true,"audioPlay":false,"sceneViewState":{"showFog":true,"showMaterialUpdate":false,"showSkybox":true,"showFlares":true,"showImageEffects":true,"showParticleSystems":true},"in2DMode":false,"pivot":{"x":0.3056403696537018,"y":0.5949125289916992,"z":0.5863128304481506},"rotation":{"x":0.27682018280029299,"y":-0.011253736913204193,"z":0.0032461860682815315,"w":0.9608583450317383},"size":1.2266650199890137,"orthographic":true}