{"cameraMode":{"drawMode":0,"name":"Shaded","section":"Shading Mode"},"sceneLighting":false,"audioPlay":false,"sceneViewState":{"showFog":true,"showMaterialUpdate":false,"showSkybox":false,"showFlares":true,"showImageEffects":true,"showParticleSystems":true},"in2DMode":false,"pivot":{"x":-2.4700000286102297,"y":0.6714357733726502,"z":-2.6500000953674318},"rotation":{"x":-0.5182314515113831,"y":-0.009246223606169224,"z":0.005599182564765215,"w":-0.8552045822143555},"size":0.9259471297264099,"orthographic":true}