{"cameraMode":{"drawMode":0,"name":"Shaded","section":"Shading Mode"},"sceneLighting":true,"audioPlay":false,"sceneViewState":{"showFog":true,"showMaterialUpdate":false,"showSkybox":true,"showFlares":true,"showImageEffects":true,"showParticleSystems":true},"in2DMode":false,"pivot":{"x":-2.26580810546875,"y":1.33251953125,"z":-3.2978515625},"rotation":{"x":0.07790405303239823,"y":-0.020629744976758958,"z":-0.0016122176311910153,"w":-0.996747612953186},"size":1.408503770828247,"orthographic":true}