{"cameraMode":{"drawMode":0,"name":"Shaded","section":"Shading Mode"},"sceneLighting":true,"audioPlay":false,"sceneViewState":{"showFog":true,"showMaterialUpdate":false,"showSkybox":true,"showFlares":true,"showImageEffects":true,"showParticleSystems":true},"in2DMode":false,"pivot":{"x":-34.01313781738281,"y":-84.8331298828125,"z":58.23469543457031},"rotation":{"x":0.5118439793586731,"y":-0.15418024361133576,"z":0.0880790427327156,"w":0.8405289053916931},"size":80.75391387939453,"orthographic":false}