{"cameraMode":{"drawMode":0,"name":"Shaded","section":"Shading Mode"},"sceneLighting":false,"audioPlay":false,"sceneViewState":{"showFog":true,"showMaterialUpdate":false,"showSkybox":false,"showFlares":true,"showImageEffects":true,"showParticleSystems":true},"in2DMode":false,"pivot":{"x":-0.3459923565387726,"y":1.260528802871704,"z":-2.282803535461426},"rotation":{"x":0.03193327784538269,"y":0.21333086490631104,"z":0.0069677154533565048,"w":-0.976445734500885},"size":0.39929139614105227,"orthographic":false}