{"cameraMode":{"drawMode":0,"name":"Shaded","section":"Shading Mode"},"sceneLighting":true,"audioPlay":false,"sceneViewState":{"showFog":true,"showMaterialUpdate":false,"showSkybox":true,"showFlares":true,"showImageEffects":true,"showParticleSystems":true},"in2DMode":false,"pivot":{"x":-24.828655242919923,"y":-3.016754150390625,"z":2.2658939361572267},"rotation":{"x":0.49281173944473269,"y":-0.01567555032670498,"z":0.008847435936331749,"w":0.86997389793396},"size":10.0,"orthographic":false}