{"cameraMode":{"drawMode":0,"name":"Shaded","section":"Shading Mode"},"sceneLighting":true,"audioPlay":false,"sceneViewState":{"showFog":true,"showMaterialUpdate":false,"showSkybox":true,"showFlares":true,"showImageEffects":true,"showParticleSystems":true},"in2DMode":false,"pivot":{"x":16.45833969116211,"y":0.06924786418676377,"z":-0.09093090891838074},"rotation":{"x":0.5836783051490784,"y":0.03723679855465889,"z":-0.02681415155529976,"w":0.8107038736343384},"size":6.203822135925293,"orthographic":true}