{"cameraMode":{"drawMode":0,"name":"Shaded","section":"Shading Mode"},"sceneLighting":false,"audioPlay":false,"sceneViewState":{"showFog":true,"showMaterialUpdate":false,"showSkybox":false,"showFlares":true,"showImageEffects":true,"showParticleSystems":true},"in2DMode":false,"pivot":{"x":-0.12713518738746644,"y":-0.049421630799770358,"z":0.0933213159441948},"rotation":{"x":0.7133849859237671,"y":0.009458309970796109,"z":-0.00963362492620945,"w":0.7006555199623108},"size":0.8955936431884766,"orthographic":true}