{"cameraMode":{"drawMode":0,"name":"Shaded","section":"Shading Mode"},"sceneLighting":true,"audioPlay":false,"sceneViewState":{"showFog":true,"showMaterialUpdate":false,"showSkybox":true,"showFlares":true,"showImageEffects":true,"showParticleSystems":true},"in2DMode":false,"pivot":{"x":-4.187076568603516,"y":-0.6141530275344849,"z":-2.053440570831299},"rotation":{"x":0.21432386338710786,"y":-0.0023424283135682346,"z":0.0005140350549481809,"w":0.9767605662345886},"size":3.2198541164398195,"orthographic":true}