{"cameraMode":{"drawMode":0,"name":"Shaded","section":"Shading Mode"},"sceneLighting":true,"audioPlay":false,"sceneViewState":{"showFog":true,"showMaterialUpdate":false,"showSkybox":true,"showFlares":true,"showImageEffects":true,"showParticleSystems":true},"in2DMode":false,"pivot":{"x":-4.883930683135986,"y":0.004727545659989119,"z":-0.8963790535926819},"rotation":{"x":-0.35648593306541445,"y":-0.0030940151773393156,"z":0.0011757364263758064,"w":-0.9343147873878479},"size":22.585304260253908,"orthographic":true}