{"cameraMode":{"drawMode":0,"name":"Shaded","section":"Shading Mode"},"sceneLighting":true,"audioPlay":false,"sceneViewState":{"showFog":true,"showMaterialUpdate":false,"showSkybox":true,"showFlares":true,"showImageEffects":true,"showParticleSystems":true},"in2DMode":false,"pivot":{"x":5.232386589050293,"y":0.0643913745880127,"z":-1.089539885520935},"rotation":{"x":-0.1524112969636917,"y":-0.5675472021102905,"z":0.10784980654716492,"w":-0.8019086718559265},"size":2.881415367126465,"orthographic":false}