{"cameraMode":{"drawMode":0,"name":"Shaded","section":"Shading Mode"},"sceneLighting":false,"audioPlay":false,"sceneViewState":{"showFog":true,"showMaterialUpdate":false,"showSkybox":false,"showFlares":true,"showImageEffects":true,"showParticleSystems":true},"in2DMode":false,"pivot":{"x":4.349999904632568,"y":0.07000002264976502,"z":2.7699997425079347},"rotation":{"x":0.567110538482666,"y":-0.0044457754120230679,"z":0.003061702474951744,"w":0.8236308097839356},"size":1.9765616655349732,"orthographic":true}