{"cameraMode":{"drawMode":0,"name":"Shaded","section":"Shading Mode"},"sceneLighting":true,"audioPlay":false,"sceneViewState":{"showFog":true,"showMaterialUpdate":false,"showSkybox":true,"showFlares":true,"showImageEffects":true,"showParticleSystems":true},"in2DMode":false,"pivot":{"x":-20.999040603637697,"y":-2.233628511428833,"z":3.241910934448242},"rotation":{"x":-0.3840751349925995,"y":0.004140305798500776,"z":-0.0017402659868821502,"w":-0.9233174324035645},"size":6.152822971343994,"orthographic":false}