{"cameraMode":{"drawMode":0,"name":"Shaded","section":"Shading Mode"},"sceneLighting":true,"audioPlay":false,"sceneViewState":{"showFog":true,"showMaterialUpdate":false,"showSkybox":true,"showFlares":true,"showImageEffects":true,"showParticleSystems":true},"in2DMode":false,"pivot":{"x":7.852970123291016,"y":-0.26279181241989138,"z":0.7321906089782715},"rotation":{"x":-0.47078952193260195,"y":-0.030700666829943658,"z":0.01639348268508911,"w":-0.8815793991088867},"size":2.8347017765045168,"orthographic":true}