{"cameraMode":{"drawMode":0,"name":"Shaded","section":"Shading Mode"},"sceneLighting":true,"audioPlay":false,"sceneViewState":{"showFog":true,"showMaterialUpdate":false,"showSkybox":true,"showFlares":true,"showImageEffects":true,"showParticleSystems":true},"in2DMode":false,"pivot":{"x":-2.196014881134033,"y":-2.327681303024292,"z":-1.2714433670043946},"rotation":{"x":-0.6026354432106018,"y":0.07084512710571289,"z":-0.05383578687906265,"w":-0.7930413484573364},"size":9.098003387451172,"orthographic":false}